Player,Position,Date,Caps,Year
Camille Chat,Hooker,12/18/1995,26,2022
Anthony Étrillard,Hooker,3/21/1993,0,2022
Julien Marchand,Hooker,5/10/1995,2,2022
Dorian Aldegheri,Prop,8/4/1993,4,2022
Cyril Baille,Prop,9/15/1993,17,2022
Demba Bamba,Prop,3/17/1998,7,2022
Jean-Baptiste Gros,Prop,5/29/1999,0,2022
Mohamed Haouas,Prop,6/9/1994,0,2022
Jefferson Poirot,Prop,11/1/1992,33,2022
Cyril Cazeaux,Lock,2/10/1995,0,2022
Kilian Geraci,Lock,3/25/1999,0,2022
Bernard Le Roux,Lock,6/4/1989,37,2022
Boris Palu,Lock,2/4/1996,0,2022
Romain Taofifénua,Lock,9/14/1990,14,2022
Paul Willemse,Lock,11/13/1992,5,2022
Gregory Alldritt,Back row,3/23/1997,11,2022
Dylan Cretin,Back row,5/4/1997,0,2022
François Cros,Back row,3/25/1994,2,2022
Alexandre Fischer,Back row,1/19/1998,0,2022
Sekou Macalou,Back row,4/20/1995,2,2022
Charles Ollivon (c),Back row,5/11/1993,11,2022
Selevasio Tolofua,Back row,5/31/1997,0,2022
Cameron Woki,Back row,11/7/1998,0,2022
Antoine Dupont,Scrum-half,11/15/1996,20,2022
Maxime Lucu,Scrum-half,1/12/1993,0,2022
Baptiste Serin,Scrum-half,6/20/1994,33,2022
Louis Carbonel,Fly-half,2/4/1999,0,2022
Matthieu Jalibert,Fly-half,11/6/1998,1,2022
Romain Ntamack,Fly-half,5/1/1999,12,2022
Gaël Fickou,Centre,3/26/1994,51,2022
Julien Hériteau,Centre,1/12/1994,0,2022
Virimi Vakatawa,Centre,5/1/1992,21,2022
Arthur Vincent,Centre,9/30/1999,0,2022
Gervais Cordin,Wing,12/10/1998,0,2022
Lester Etien,Wing,6/21/1995,0,2022
Gabriel N'Gandebe,Wing,3/30/1997,0,2022
Damian Penaud,Wing,9/25/1996,16,2022
Vincent Rattez,Wing,3/24/1992,3,2022
Teddy Thomas,Wing,9/18/1993,16,2022
Anthony Bouthier,Fullback,6/19/1992,0,2022
Kylan Hamdaoui,Fullback,4/15/1994,0,2022
Thomas Ramos,Fullback,7/23/1995,9,2022
Teddy Baubigny,Hooker,9/2/1998,0,2022
Peato Mauvaka,Hooker,1/10/1997,1,2022
Wilfrid Hounkpatin,Prop,7/29/1991,0,2022
Guillaume Ducat,Lock,5/25/1996,0,2022
Baptiste Delaporte,Back row,3/27/1997,0,2022
Alexandre Roumat,Back row,6/27/1997,0,2022
Yvan Reilhac,Centre,6/9/1995,0,2022
Alivereti Raka,Wing,12/9/1994,4,2022
Lucas Tauzin,Wing,5/21/1998,0,2022
Pierre Bourgarit,Hooker,9/12/1997,3,2021
Julien Marchand,Hooker,5/10/1995,9,2021
Peato Mauvaka,Hooker,1/10/1997,6,2021
Dorian Aldegheri,Prop,8/4/1993,6,2021
Cyril Baille,Prop,9/15/1993,23,2021
Georges-Henri Colombe,Prop,4/9/1998,0,2021
Jean-Baptiste Gros,Prop,5/29/1999,5,2021
Mohamed Haouas,Prop,6/9/1994,7,2021
Kilian Geraci,Lock,3/25/1999,2,2021
Bernard Le Roux,Lock,6/4/1989,44,2021
Romain Taofifénua,Lock,9/14/1990,22,2021
Paul Willemse,Lock,11/13/1992,12,2021
Grégory Alldritt,Back row,3/23/1997,18,2021
Dylan Cretin,Back row,5/4/1997,5,2021
Anthony Jelonch,Back row,7/28/1996,4,2021
Charles Ollivon (c),Back row,5/11/1993,18,2021
Baptiste Pesenti,Back row,7/3/1997,2,2021
Cameron Woki,Back row,11/7/1998,4,2021
Baptiste Couilloud,Scrum-half,7/22/1997,5,2021
Antoine Dupont,Scrum-half,11/15/1996,27,2021
Baptiste Serin,Scrum-half,6/20/1994,40,2021
Louis Carbonel,Fly-half,2/4/1999,2,2021
Matthieu Jalibert,Fly-half,11/6/1998,8,2021
Pierre-Louis Barassi,Centre,4/22/1998,2,2021
Gaël Fickou,Centre,3/26/1994,58,2021
Arthur Vincent,Centre,9/30/1999,7,2021
Damian Penaud,Wing,9/25/1996,17,2021
Teddy Thomas,Wing,9/18/1993,22,2021
Gabin Villière,Wing,12/13/1995,2,2021
Anthony Bouthier,Fullback,6/19/1992,6,2021
Brice Dulin,Fullback,4/13/1990,31,2021
Gaëtan Barlot,Hooker,4/13/1997,0,2021
Teddy Baubigny,Hooker,9/2/1998,1,2021
Camille Chat,Hooker,12/18/1995,31,2021
Uini Atonio,Prop,3/26/1990,34,2021
Demba Bamba,Prop,3/17/1998,14,2021
Wilfrid Hounkpatin,Prop,7/29/1991,0,2021
Hassane Kolingar,Prop,3/6/1998,2,2021
Thierry Paiva,Prop,11/19/1995,0,2021
Cyril Cazeaux,Lock,2/10/1995,1,2021
Swan Rebbadj,Lock,1/15/1995,1,2021
Maxime Lucu,Scrum-half,1/12/1993,0,2021
Romain Ntamack,Fly-half,5/1/1999,18,2021
Jonathan Danty,Centre,10/7/1992,7,2021
Yoram Moefana,Centre,7/18/2000,2,2021
Virimi Vakatawa,Centre,5/1/1992,27,2021
Donovan Taofifénua,Wing,3/30/1999,0,2021
Thomas Ramos,Fullback,7/23/1995,14,2021
Camille Chat,Hooker,12/18/1995,26,2020
Anthony Étrillard,Hooker,3/21/1993,0,2020
Julien Marchand,Hooker,5/10/1995,2,2020
Dorian Aldegheri,Prop,8/4/1993,4,2020
Cyril Baille,Prop,9/15/1993,17,2020
Demba Bamba,Prop,3/17/1998,7,2020
Jean-Baptiste Gros,Prop,5/29/1999,0,2020
Mohamed Haouas,Prop,6/9/1994,0,2020
Jefferson Poirot,Prop,11/1/1992,33,2020
Cyril Cazeaux,Lock,2/10/1995,0,2020
Kilian Geraci,Lock,3/25/1999,0,2020
Bernard Le Roux,Lock,6/4/1989,37,2020
Boris Palu,Lock,2/4/1996,0,2020
Romain Taofifénua,Lock,9/14/1990,14,2020
Paul Willemse,Lock,11/13/1992,5,2020
Gregory Alldritt,Back row,3/23/1997,11,2020
Dylan Cretin,Back row,5/4/1997,0,2020
François Cros,Back row,3/25/1994,2,2020
Alexandre Fischer,Back row,1/19/1998,0,2020
Sekou Macalou,Back row,4/20/1995,2,2020
Charles Ollivon (c),Back row,5/11/1993,11,2020
Selevasio Tolofua,Back row,5/31/1997,0,2020
Cameron Woki,Back row,11/7/1998,0,2020
Antoine Dupont,Scrum-half,11/15/1996,20,2020
Maxime Lucu,Scrum-half,1/12/1993,0,2020
Baptiste Serin,Scrum-half,6/20/1994,33,2020
Louis Carbonel,Fly-half,2/4/1999,0,2020
Matthieu Jalibert,Fly-half,11/6/1998,1,2020
Romain Ntamack,Fly-half,5/1/1999,12,2020
Gaël Fickou,Centre,3/26/1994,51,2020
Julien Hériteau,Centre,1/12/1994,0,2020
Virimi Vakatawa,Centre,5/1/1992,21,2020
Arthur Vincent,Centre,9/30/1999,0,2020
Gervais Cordin,Wing,12/10/1998,0,2020
Lester Etien,Wing,6/21/1995,0,2020
Gabriel N'Gandebe,Wing,3/30/1997,0,2020
Damian Penaud,Wing,9/25/1996,16,2020
Vincent Rattez,Wing,3/24/1992,3,2020
Teddy Thomas,Wing,9/18/1993,16,2020
Anthony Bouthier,Fullback,6/19/1992,0,2020
Kylan Hamdaoui,Fullback,4/15/1994,0,2020
Thomas Ramos,Fullback,7/23/1995,9,2020
Teddy Baubigny,Hooker,9/2/1998,0,2020
Peato Mauvaka,Hooker,1/10/1997,1,2020
Wilfrid Hounkpatin,Prop,7/29/1991,0,2020
Guillaume Ducat,Lock,5/25/1996,0,2020
Baptiste Delaporte,Back row,3/27/1997,0,2020
Alexandre Roumat,Back row,6/27/1997,0,2020
Yvan Reilhac,Centre,6/9/1995,0,2020
Alivereti Raka,Wing,12/9/1994,4,2020
Lucas Tauzin,Wing,5/21/1998,0,2020
Pierre Bourgarit,Hooker,9/12/1997,1,2019
Guilhem Guirado (c),Hooker,6/17/1986,63,2019
Julien Marchand,Hooker,5/10/1995,1,2019
Dorian Aldegheri,Prop,8/4/1993,0,2019
Uini Atonio,Prop,3/26/1990,31,2019
Demba Bamba,Prop,3/17/1998,1,2019
Jefferson Poirot,Prop,11/1/1992,22,2019
Dany Priso,Prop,1/2/1994,10,2019
Arthur Iturria,Lock,5/13/1994,6,2019
Félix Lambey,Lock,3/15/1994,2,2019
Sébastien Vahaamahina,Lock,10/21/1991,36,2019
Paul Willemse,Lock,11/13/1992,0,2019
Gregory Alldritt,Back row,3/23/1997,0,2019
Yacouba Camara,Back row,6/2/1994,11,2019
Wenceslas Lauret,Back row,3/30/1988,20,2019
Bernard Le Roux,Back row,6/4/1989,11,2019
Louis Picamoles,Back row,2/5/1986,72,2019
Antoine Dupont,Scrum-half,11/15/1996,10,2019
Morgan Parra,Scrum-half,11/15/1988,69,2019
Baptiste Serin,Scrum-half,6/20/1994,23,2019
Anthony Belleau,Fly-half,4/8/1996,10,2019
Camille Lopez,Fly-half,4/3/1989,19,2019
Romain Ntamack,Fly-half,5/1/1999,0,2019
Mathieu Bastareaud,Centre,9/17/1988,50,2019
Geoffrey Doumayrou,Centre,9/16/1989,10,2019
Gaël Fickou,Centre,3/26/1994,41,2019
Wesley Fofana,Centre,1/20/1988,45,2019
Damian Penaud,Centre,9/25/1996,6,2019
Yoann Huget,Wing,6/2/1987,53,2019
Maxime Médard,Fullback,11/16/1986,52,2019
Thomas Ramos,Fullback,7/23/1995,0,2019
Camille Chat,Hooker,12/18/1995,16,2019
Etienne Falgoux,Prop,1/19/1993,0,2019
Kélian Galletier,Back row,3/18/1992,6,2019
Fabien Sanconnie,Back row,2/21/1995,5,2019
Camille Chat,Hooker,12/18/1995,10,2018
Guilhem Guirado (c),Hooker,6/17/1986,56,2018
Christopher Tolofua,Hooker,12/31/1993,7,2018
Eddy Ben Arous,Prop,8/25/1990,19,2018
Cedate Gomes Sa,Prop,8/7/1993,0,2018
Jefferson Poirot,Prop,11/1/1992,14,2018
Dany Priso,Prop,1/2/1994,0,2018
Rabah Slimani,Prop,10/18/1989,41,2018
Paul Gabrillagues,Lock,6/3/1993,2,2018
Arthur Iturria,Lock,5/13/1994,1,2018
Félix Lambey,Lock,3/15/1994,0,2018
Sébastien Vahaamahina,Lock,10/21/1991,28,2018
Yacouba Camara,Flanker,6/2/1994,6,2018
Kevin Gourdon,Flanker,1/23/1990,15,2018
Anthony Jelonch,Flanker,7/28/1996,2,2018
Wenceslas Lauret,Flanker,3/28/1989,12,2018
Sekou Macalou,Flanker,4/20/1995,1,2018
Marco Tauleigne,Number 8,8/30/1993,0,2018
Antoine Dupont,Scrum-half,11/15/1996,6,2018
Maxime Machenaud,Scrum-half,12/30/1988,31,2018
Morgan Parra,Scrum-half,11/15/1988,66,2018
Anthony Belleau,Fly-half,4/8/1996,2,2018
Matthieu Jalibert,Fly-half,11/6/1998,0,2018
Henry Chavancy,Centre,5/22/1988,3,2018
Jonathan Danty,Centre,10/7/1990,4,2018
Geoffrey Doumayrou,Centre,9/16/1989,2,2018
Rémi Lamerat,Centre,1/14/1990,16,2018
Benjamin Fall,Wing,3/3/1989,6,2018
Teddy Thomas,Wing,9/18/1993,8,2018
Virimi Vakatawa,Wing,5/1/1992,15,2018
Brice Dulin,Fullback,4/13/1990,29,2018
Geoffrey Palis,Fullback,7/8/1991,0,2018
Pierre Bougarit,Hooker,9/12/1997,0,2018
Adrien Pélissié,Hooker,8/7/1990,0,2018
Romain Taofifénua,Lock,9/14/1990,12,2018
Mathieu Babillot,Flanker,9/9/1993,0,2018
Alexandre Lapandry,Flanker,4/13/1989,10,2018
Bernard Le Roux,Flanker,6/4/1989,27,2018
Kélian Galletier,Number 8,3/18/1992,1,2018
Louis Picamoles,Number 8,2/5/1986,68,2018
Baptiste Couilloud,Scrum-half,7/22/1997,0,2018
Baptiste Serin,Scrum-half,6/20/1994,16,2018
Lionel Beauxis,Fly-half,10/24/1985,20,2018
François Trinh-Duc,Fly-half,11/11/1986,63,2018
Mathieu Bastareaud,Centre,9/17/1988,42,2018
Gaël Fickou,Centre,3/26/1994,32,2018
Rémy Grosso,Wing,12/4/1988,1,2018
Yoann Huget,Wing,6/2/1987,51,2018
Hugo Bonneval,Fullback,11/19/1990,9,2018
Camille Chat,Hooker,12/18/1995,7,2017
Guilhem Guirado (c),Hooker,6/17/1986,46,2017
Clément Maynadier,Hooker,10/11/1988,2,2017
Uini Atonio,Prop,3/26/1990,20,2017
Cyril Baille,Prop,9/15/1993,3,2017
Eddy Ben Arous,Prop,8/25/1990,14,2017
Mohamed Boughanmi,Prop,10/27/1991,0,2017
Rabah Slimani,Prop,10/18/1989,31,2017
Arthur Iturria,Lock,5/13/1994,0,2017
Julien Le Devedec,Lock,6/4/1986,5,2017
Yoann Maestri,Lock,1/14/1988,51,2017
Sébastien Vahaamahina,Lock,10/21/1991,21,2017
Loann Goujon,Flanker,4/23/1989,13,2017
Kevin Gourdon,Flanker,1/23/1990,5,2017
Raphaël Lakafia,Flanker,10/28/1988,4,2017
Fabien Sanconnie,Flanker,2/21/1995,0,2017
Damien Chouly,Number 8,11/27/1985,43,2017
Louis Picamoles,Number 8,2/5/1986,57,2017
Maxime Machenaud,Scrum-half,12/30/1988,26,2017
Baptiste Serin,Scrum-half,6/20/1994,5,2017
Jean-Marc Doussain,Fly-half,2/12/1991,14,2017
Camille Lopez,Fly-half,4/3/1989,11,2017
Gaël Fickou,Centre,3/26/1994,24,2017
Wesley Fofana,Centre,1/20/1988,44,2017
Rémi Lamerat,Centre,1/14/1990,11,2017
Djibril Camara,Wing,6/22/1989,3,2017
Yann David,Wing,4/15/1988,4,2017
Yoann Huget,Wing,6/2/1987,42,2017
Noa Nakaitaci,Wing,7/11/1990,10,2017
Virimi Vakatawa,Wing,5/1/1992,8,2017
Geoffrey Palis,Fullback,7/8/1991,0,2017
Scott Spedding,Fullback,5/4/1986,18,2017
Christopher Tolofua,Hooker,12/31/1993,4,2017
Xavier Chiocci,Prop,2/13/1990,7,2017
Paul Jedrasiak,Lock,2/6/1993,5,2017
Bernard Le Roux,Flanker,6/4/1989,24,2017
Charles Ollivon,Flanker,5/11/1993,5,2017
Antoine Dupont,Scrum-half,11/15/1996,0,2017
François Trinh-Duc,Fly-half,11/11/1986,56,2017
Mathieu Bastareaud,Centre,9/17/1988,39,2017
Henry Chavancy,Centre,5/22/1988,0,2017
Jonathan Danty,Centre,10/7/1992,4,2017
Gabriel Lacroix,Wing,10/10/1993,0,2017
Brice Dulin,Fullback,4/13/1990,25,2017
Camille Chat,Hooker,12/18/1995,0,2016
Guilhem Guirado (c),Hooker,6/17/1986,38,2016
Uini Atonio,Prop,3/26/1990,10,2016
Eddy Ben Arous,Prop,8/25/1990,12,2016
Jefferson Poirot,Prop,11/1/1992,0,2016
Rabah Slimani,Prop,10/18/1989,21,2016
Alexandre Flanquart,Lock,10/9/1989,18,2016
Paul Jedrasiak,Lock,2/17/1993,0,2016
Yoann Maestri,Lock,1/14/1988,42,2016
Sébastien Vahaamahina,Lock,10/21/1991,17,2016
Antoine Burban,Flanker,7/22/1987,3,2016
Yacouba Camara,Flanker,6/2/1994,0,2016
Kevin Gourdon,Flanker,1/23/1990,0,2016
Wenceslas Lauret,Flanker,3/28/1989,7,2016
Damien Chouly,Number 8,11/27/1985,36,2016
Louis Picamoles,Number 8,2/5/1986,51,2016
Sébastien Bezy,Scrum-half,11/22/1991,0,2016
Maxime Machenaud,Scrum-half,12/30/1988,18,2016
Morgan Parra,Scrum-half,11/15/1988,66,2016
Jean-Marc Doussain,Fly-half,2/12/1991,10,2016
Jules Plisson,Fly-half,8/20/1991,6,2016
Jonathan Danty,Centre,10/7/1992,0,2016
Alexandre Dumoulin,Centre,8/24/1989,8,2016
Gaël Fickou,Centre,3/26/1994,15,2016
Rémi Lamerat,Centre,1/14/1990,7,2016
Wesley Fofana,Centre,1/20/1988,39,2016
Benjamin Fall,Wing,3/3/1989,6,2016
Maxime Médard,Wing,11/16/1986,41,2016
Virimi Vakatawa,Wing,5/1/1992,0,2016
Hugo Bonneval,Fullback,11/19/1990,4,2016
Scott Spedding,Fullback,5/4/1986,14,2016
Xavier Chiocci,Prop,2/13/1990,4,2016
Vincent Pelo,Prop,4/22/1988,0,2016
Bernard Le Roux,Flanker,6/4/1989,23,2016
Loann Goujon,Number 8,4/23/1989,6,2016
Baptiste Serin,Scrum-half,6/20/1994,0,2016
François Trinh-Duc,Fly-half,11/11/1986,50,2016
Maxime Mermoz,Centre,7/28/1986,30,2016
Djibril Camara,Wing,6/22/1989,0,2016
Marvin O'Connor,Wing,4/18/1991,0,2016
Teddy Thomas,Wing,4/18/1991,4,2016
Guilhem Guirado,Hooker,6/17/1986,26,2015
Benjamin Kayser,Hooker,7/26/1984,27,2015
Uini Atonio,Prop,3/26/1990,3,2015
Eddy Ben Arous,Prop,8/25/1990,1,2015
Nicolas Mas,Prop,5/23/1980,76,2015
Alexandre Menini,Prop,8/5/1983,5,2015
Rabah Slimani,Prop,10/18/1989,10,2015
Alexandre Flanquart,Lock,10/9/1989,10,2015
Yoann Maestri,Lock,1/14/1988,31,2015
Pascal Papé,Lock,10/5/1980,57,2015
Romain Taofifénua,Lock,9/14/1990,3,2015
Thierry Dusautoir (c),Flanker,11/18/1981,70,2015
Bernard Le Roux,Flanker,6/4/1989,11,2015
Yannick Nyanga,Flanker,12/19/1983,40,2015
Charles Ollivon,Flanker,5/11/1993,2,2015
Damien Chouly,Number 8,11/27/1985,24,2015
Louis Picamoles,Number 8,2/5/1986,44,2015
Rory Kockott,Scrum-half,6/25/1986,3,2015
Sébastien Tillous-Borde,Scrum-half,4/29/1985,11,2015
Camille Lopez,Fly-half,4/3/1989,5,2015
Rémi Tales,Fly-half,5/2/1984,13,2015
Mathieu Bastareaud,Centre,9/17/1988,28,2015
Alexandre Dumoulin,Centre,8/24/1989,2,2015
Wesley Fofana,Centre,1/20/1988,30,2015
Rémi Lamerat,Centre,1/14/1990,3,2015
Sofiane Guitoune,Wing,3/27/1989,2,2015
Yoann Huget,Wing,6/2/1987,33,2015
Noa Nakaitaci,Wing,7/11/1990,0,2015
Teddy Thomas,Wing,9/18/1993,2,2015
Brice Dulin,Fullback,4/13/1990,18,2015
Scott Spedding,Fullback,5/4/1986,3,2015
Vincent Debaty,Prop,2-Oct-81,25,2015
Thomas Domingo,Prop,20-Aug-85,36,2015
Jocelino Suta,Lock,18-Nov-82,5,2015
Wenceslas Lauret,Flanker,28-Mar-89,7,2015
Loann Goujon,Number 8,23-Apr-89,0,2015
Morgan Parra,Scrum-half,15-Nov-88,56,2015
Pierre Bernard,Fly-half,31-Jan-89,0,2015
Jules Plisson,Fly-half,20-Aug-86,4,2015
Gaël Fickou,Centre,26-Mar-94,9,2015
Maxime Mermoz,Centre,28-Jul-86,28,2015
Marc Andreu,Wing,27-Dec-85,7,2015
Benjamin Kayser,Hooker,7/26/1984,22,2014
Dimitri Szarzewski,Hooker,1/26/1983,75,2014
Thomas Domingo,Prop,8/20/1985,28,2014
Yannick Forestier,Prop,1/3/1982,8,2014
Nicolas Mas,Prop,5/23/1980,66,2014
Rabah Slimani,Prop,10/18/1989,3,2014
Alexandre Flanquart,Lock,10/9/1989,2,2014
Yoann Maestri,Lock,1/14/1988,20,2014
Pascal Papé,Lock,10/5/1980,49,2014
Sébastien Vahaamahina,Lock,10/21/1991,9,2014
Antoine Burban,Flanker,7/22/1987,0,2014
Thierry Dusautoir (c),Flanker,11/18/1981,65,2014
Bernard Le Roux,Flanker,6/4/1989,3,2014
Yannick Nyanga,Flanker,12/19/1983,34,2014
Damien Chouly,Number 8,11/27/1985,13,2014
Louis Picamoles,Number 8,2/5/1986,38,2014
Jean-Marc Doussain,Scrum-half,2/12/1991,5,2014
Maxime Machenaud,Scrum-half,12/30/1988,11,2014
Jules Plisson,Fly-half,8/20/1991,0,2014
Rémi Tales,Fly-half,5/2/1984,5,2014
Mathieu Bastareaud,Centre,9/17/1988,18,2014
Gaël Fickou,Centre,3/26/1994,3,2014
Wesley Fofana,Centre,1/20/1988,21,2014
Maxime Mermoz,Centre,7/28/1986,25,2014
Sofiane Guitoune,Wing,3/27/1989,2,2014
Yoann Huget,Wing,6/2/1987,22,2014
Maxime Médard,Wing,11/16/1986,36,2014
Geoffrey Palis,Fullback,7/8/1991,0,2014
Hugo Bonneval,Fullback,11/19/1990,0,2014
Brice Dulin,Fullback,4/13/1990,10,2014
Guilhem Guirado,Hooker,6/17/1986,18,2014
Brice Mach,Hooker,4/2/1986,0,2014
Vincent Debaty,Prop,10/2/1981,20,2014
Virgile Bruni,Flanker,2/6/1989,0,2014
Ibrahim Diarra,Flanker,5/25/1983,1,2014
Alexandre Lapandry,Flanker,4/13/1989,8,2014
Wenceslas Lauret,Flanker,3/28/1989,5,2014
Antonie Claassen,Number 8,10/20/1984,4,2014
Morgan Parra,Scrum-half,11/15/1988,54,2014
François Trinh-Duc,Fly-half,11/11/1986,48,2014
Rémi Lamerat,Centre,1/14/1990,0,2014
Marc Andreu,Wing,12/27/1985,7,2014
Jean-Marcellin Buttin,Wing,12/16/1991,2,2014
Guilhem Guirado,Hooker,6/17/1986,15,2013
Benjamin Kayser,Hooker,7/26/1984,12,2013
Dimitri Szarzewski,Hooker,1/26/1983,66,2013
David Attoub,Prop,6/7/1981,4,2013
Vincent Debaty,Prop,10/2/1981,11,2013
Thomas Domingo,Prop,8/20/1985,21,2013
Luc Ducalcon,Prop,1/2/1984,10,2013
Yannick Forestier,Prop,1/3/1982,3,2013
Nicolas Mas,Prop,5/23/1980,56,2013
Yoann Maestri,Lock,1/14/1988,9,2013
Pascal Papé (c),Lock,10/5/1980,45,2013
Jocelino Suta,Lock,11/18/1982,3,2013
Romain Taofifénua,Lock,9/14/1990,1,2013
Thierry Dusautoir,Flanker,11/18/1981,54,2013
Wenceslas Lauret,Flanker,3/28/1989,3,2013
Yannick Nyanga,Flanker,12/19/1983,28,2013
Fulgence Ouedraogo,Flanker,7/21/1986,30,2013
Damien Chouly,Number 8,11/27/1985,7,2013
Louis Picamoles,Number 8,2/5/1986,31,2013
Maxime Machenaud,Scrum-half,12/30/1988,4,2013
Morgan Parra,Scrum-half,11/15/1988,46,2013
Frédérick Michalak,Fly-half,10/16/1982,59,2013
François Trinh-Duc,Fly-half,11/11/1986,44,2013
Mathieu Bastareaud,Centre,9/17/1988,9,2013
Gaël Fickou,Centre,3/26/1994,0,2013
Florian Fritz,Centre,1/17/1984,25,2013
Maxime Mermoz,Centre,7/28/1986,22,2013
Jean-Marcellin Buttin,Wing,12/16/1991,2,2013
Vincent Clerc,Wing,5/7/1981,64,2013
Benjamin Fall,Wing,3/3/1989,3,2013
Wesley Fofana,Wing,1/20/1988,10,2013
Adrien Planté*,Wing,4/2/1985,0,2013
Hugo Bonneval*,Fullback,11/19/1990,0,2013
Brice Dulin,Fullback,4/13/1990,5,2013
Yoann Huget,Fullback,6/2/1987,12,2013
William Servat,Hooker,2/9/1978,44,2012
Dimitri Szarzewski,Hooker,1/26/1983,56,2012
David Attoub,Prop,6/7/1981,1,2012
Fabien Barcella,Prop,10/27/1983,20,2012
Vincent Debaty,Prop,10/2/1981,1,2012
Luc Ducalcon,Prop,1/2/1984,10,2012
Nicolas Mas,Prop,5/23/1980,49,2012
Jean-Baptiste Poux,Prop,9/26/1979,37,2012
Yoann Maestri,Lock,1/14/1988,0,2012
Lionel Nallet,Lock,9/14/1976,70,2012
Pascal Papé,Lock,10/5/1980,35,2012
Julien Pierre,Lock,7/31/1981,26,2012
Julien Bonnaire,Flanker,9/20/1978,70,2012
Thierry Dusautoir (c),Flanker,11/18/1981,49,2012
Yannick Nyanga,Flanker,12/19/1983,25,2012
Fulgence Ouedraogo,Flanker,7/21/1986,25,2012
Imanol Harinordoquy,Number 8,2/20/1980,77,2012
Louis Picamoles,Number 8,2/5/1986,21,2012
Morgan Parra,Scrum-half,11/15/1988,36,2012
Dimitri Yachvili,Scrum-half,9/19/1980,59,2012
Lionel Beauxis,Fly-half,10/24/1985,15,2012
François Trinh-Duc,Fly-half,11/11/1986,35,2012
Yann David,Centre,4/15/1988,4,2012
Wesley Fofana,Centre,1/20/1988,0,2012
Maxime Mermoz,Centre,7/28/1986,15,2012
Aurélien Rougerie,Centre,9/26/1980,71,2012
Vincent Clerc,Wing,5/7/1981,57,2012
Julien Malzieu,Wing,5/4/1983,16,2012
Alexis Palisson,Wing,9/9/1987,20,2012
Maxime Médard,Fullback,11/16/1986,28,2012
Clément Poitrenaud,Fullback,5/20/1982,44,2012
Guilhem Guirado,Hooker,6/17/1986,6,2011
William Servat,Hooker,2/9/1978,32,2011
Luc Ducalcon,Prop,1/2/1984,3,2011
Thomas Domingo,Prop,8/20/1985,13,2011
Sylvain Marconnet,Prop,4/8/1976,80,2011
Nicolas Mas,Prop,5/23/1980,39,2011
Lionel Nallet,Lock,9/14/1976,57,2011
Jérôme Thion,Lock,12/2/1977,50,2011
Pascal Papé,Lock,10/5/1980,26,2011
Julien Pierre,Lock,7/31/1981,12,2011
Julien Bonnaire,Flanker,9/20/1978,56,2011
Thierry Dusautoir (c),Flanker,11/18/1981,37,2011
Alexandre Lapandry,Flanker,4/13/1989,5,2011
Fulgence Ouedraogo,Flanker,7/21/1986,22,2011
Sébastien Chabal,Number 8,12/8/1977,58,2011
Imanol Harinordoquy,Number 8,2/20/1980,64,2011
Morgan Parra,Scrum-half,11/15/1988,22,2011
Dimitri Yachvili,Scrum-half,9/19/1980,47,2011
David Skrela,Fly-half,3/2/1979,20,2011
François Trinh-Duc,Fly-half,11/11/1986,22,2011
Yannick Jauzion,Centre,7/28/1978,70,2011
David Marty,Centre,10/30/1982,32,2011
Maxime Mermoz,Centre,7/28/1986,7,2011
Aurélien Rougerie,Centre,9/26/1980,59,2011
Damien Traille,Centre,6/12/1979,77,2011
Vincent Clerc,Wing,5/7/1981,43,2011
Yoann Huget,Wing,6/2/1987,2,2011
Maxime Médard,Wing,11/16/1986,15,2011
Alexis Palisson,Fullback,9/9/1987,12,2011
Clément Poitrenaud,Fullback,5/20/1982,41,2011
William Servat,Hooker,2/9/1978,25,2010
Dimitri Szarzewski,Hooker,1/26/1983,41,2010
Clément Baïocco,Prop,12/3/1979,0,2010
Thomas Domingo,Prop,8/20/1985,5,2010
Luc Ducalcon,Prop,1/2/1984,0,2010
Sylvain Marconnet,Prop,4/8/1976,79,2010
Nicolas Mas,Prop,5/23/1980,30,2010
Jean-Baptiste Poux,Prop,9/26/1979,23,2010
Sébastien Chabal,Lock,12/8/1977,52,2010
Yoann Maestri,Lock,1/14/1988,0,2010
Romain Millo-Chluski,Lock,4/20/1983,13,2010
Lionel Nallet,Lock,9/14/1976,49,2010
Pascal Papé,Lock,10/5/1980,23,2010
Julien Pierre,Lock,7/31/1981,2,2010
Julien Bonnaire,Flanker,9/20/1978,47,2010
Thierry Dusautoir (c),Flanker,11/18/1981,28,2010
Alexandre Lapandry,Flanker,4/13/1989,1,2010
Fulgence Ouedraogo,Flanker,7/21/1986,18,2010
Imanol Harinordoquy,Number 8,2/20/1980,57,2010
Louis Picamoles,Number 8,2/5/1986,15,2010
Jean-Baptiste Élissalde,Scrum-half,11/23/1977,35,2010
Frédéric Michalak,Scrum-half,10/16/1982,51,2010
Morgan Parra,Scrum-half,11/15/1988,12,2010
Dimitri Yachvili,Scrum-half,9/19/1980,41,2010
Benjamin Boyet,Fly-half,8/8/1979,5,2010
François Trinh-Duc,Fly-half,11/11/1986,15,2010
Mathieu Bastareaud,Centre,9/17/1988,4,2010
Fabrice Estebanez,Centre,12/26/1981,0,2010
Yannick Jauzion,Centre,7/28/1978,63,2010
David Marty,Centre,10/30/1982,25,2010
Marc Andreu,Wing,12/27/1985,0,2010
Vincent Clerc,Wing,5/7/1981,39,2010
Benjamin Fall,Wing,4/29/1989,1,2010
Julien Malzieu,Wing,5/4/1983,11,2010
Alexis Palisson,Wing,9/9/1987,5,2010
Aurélien Rougerie,Wing,9/26/1980,55,2010
Clément Poitrenaud,Fullback,5/20/1982,34,2010
